andy2;andyandy;andy@andy2
andy3;andyandy;andy@andy3
andy4;andyandy;andy@andy4
andy5;andyandy;andy@andy5
andy6;andyandy;andy@andy6
andy7;andyandy;andy@andy7
andy8;andyandy;andy@andy8
andy9;andyandy;andy@andy9
andy10;andyandy;andy@andy10
andy11;andyandy;andy@andy11
andy12;andyandy;andy@andy12
andy13;andyandy;andy@andy13
andy14;andyandy;andy@andy14
andy15;andyandy;andy@andy15
andy16;andyandy;andy@andy16
andy17;andyandy;andy@andy17
andy18;andyandy;andy@andy18
andy19;andyandy;andy@andy19
andy20;andyandy;andy@andy20
andy21;andyandy;andy@andy21
andy22;andyandy;andy@andy22
andy23;andyandy;andy@andy23
andy24;andyandy;andy@andy24
andy25;andyandy;andy@andy25
andy26;andyandy;andy@andy26
andy27;andyandy;andy@andy27
andy28;andyandy;andy@andy28
andy29;andyandy;andy@andy29
andy30;andyandy;andy@andy30
andy31;andyandy;andy@andy31
andy32;andyandy;andy@andy32
andy33;andyandy;andy@andy33
andy34;andyandy;andy@andy34
andy35;andyandy;andy@andy35
andy36;andyandy;andy@andy36
andy37;andyandy;andy@andy37
andy38;andyandy;andy@andy38
andy39;andyandy;andy@andy39
andy40;andyandy;andy@andy40
andy41;andyandy;andy@andy41
andy42;andyandy;andy@andy42
andy43;andyandy;andy@andy43
